{"cameraMode":{"drawMode":0,"name":"Shaded","section":"Shading Mode"},"sceneLighting":false,"audioPlay":false,"sceneViewState":{"m_AlwaysRefresh":false,"showFog":true,"showSkybox":false,"showFlares":true,"showImageEffects":true,"showParticleSystems":true,"showVisualEffectGraphs":true,"m_FxEnabled":true},"in2DMode":false,"pivot":{"x":1.0271419286727906,"y":1.7979509830474854,"z":-4.458043098449707},"rotation":{"x":-0.00003260220546508208,"y":-0.9999780654907227,"z":0.012310326099395752,"w":0.005984598305076361},"size":3.0192437171936037,"orthographic":false}