{"cameraMode":{"drawMode":0,"name":"Shaded","section":"Shading Mode"},"sceneLighting":false,"audioPlay":false,"sceneViewState":{"m_AlwaysRefresh":false,"showFog":true,"showSkybox":false,"showFlares":true,"showImageEffects":true,"showParticleSystems":true,"showVisualEffectGraphs":true,"m_FxEnabled":true},"in2DMode":false,"pivot":{"x":-0.3523990511894226,"y":1.4626704454421998,"z":-2.6445579528808595},"rotation":{"x":0.015863820910453798,"y":-0.7536259889602661,"z":0.018419906497001649,"w":0.656974196434021},"size":0.6000000238418579,"orthographic":false}